"entityKey","metricKey","value","fiscalYear","fiscalPeriod","periodClass","periodEnd"
"entity:company:adobe","capital_expenditure","348000000","2021","FY","annual","2021-12-03"
"entity:company:adobe","capital_expenditure","442000000","2022","FY","annual","2022-12-02"
"entity:company:adobe","capital_expenditure","360000000","2023","FY","annual","2023-12-01"
"entity:company:adobe","capital_expenditure","183000000","2024","FY","annual","2024-11-29"
"entity:company:adobe","capital_expenditure","179000000","2025","FY","annual","2025-11-28"
"entity:company:adobe","research_and_development","2540000000","2021","FY","annual","2021-12-03"
"entity:company:adobe","research_and_development","2987000000","2022","FY","annual","2022-12-02"
"entity:company:adobe","research_and_development","3473000000","2023","FY","annual","2023-12-01"
"entity:company:adobe","research_and_development","3944000000","2024","FY","annual","2024-11-29"
"entity:company:adobe","research_and_development","4294000000","2025","FY","annual","2025-11-28"
"entity:company:adobe","revenue","15785000000","2021","FY","annual","2021-12-03"
"entity:company:adobe","revenue","17606000000","2022","FY","annual","2022-12-02"
"entity:company:adobe","revenue","19409000000","2023","FY","annual","2023-12-01"
"entity:company:adobe","revenue","21505000000","2024","FY","annual","2024-11-29"
"entity:company:adobe","revenue","23769000000","2025","FY","annual","2025-11-28"
"entity:company:amazon","capital_expenditure","61053000000","2021","FY","annual","2021-12-31"
"entity:company:amazon","capital_expenditure","63645000000","2022","FY","annual","2022-12-31"
"entity:company:amazon","capital_expenditure","52729000000","2023","FY","annual","2023-12-31"
"entity:company:amazon","capital_expenditure","82999000000","2024","FY","annual","2024-12-31"
"entity:company:amazon","capital_expenditure","131819000000","2025","FY","annual","2025-12-31"
"entity:company:amazon","revenue","469822000000","2021","FY","annual","2021-12-31"
"entity:company:amazon","revenue","513983000000","2022","FY","annual","2022-12-31"
"entity:company:amazon","revenue","574785000000","2023","FY","annual","2023-12-31"
"entity:company:amazon","revenue","637959000000","2024","FY","annual","2024-12-31"
"entity:company:amazon","revenue","716924000000","2025","FY","annual","2025-12-31"
"entity:company:amd","capital_expenditure","301000000","2021","FY","annual","2021-12-25"
"entity:company:amd","capital_expenditure","450000000","2022","FY","annual","2022-12-31"
"entity:company:amd","capital_expenditure","546000000","2023","FY","annual","2023-12-30"
"entity:company:amd","capital_expenditure","636000000","2024","FY","annual","2024-12-28"
"entity:company:amd","capital_expenditure","974000000","2025","FY","annual","2025-12-27"
"entity:company:amd","research_and_development","2845000000","2021","FY","annual","2021-12-25"
"entity:company:amd","research_and_development","5005000000","2022","FY","annual","2022-12-31"
"entity:company:amd","research_and_development","5872000000","2023","FY","annual","2023-12-30"
"entity:company:amd","research_and_development","6456000000","2024","FY","annual","2024-12-28"
"entity:company:amd","research_and_development","8091000000","2025","FY","annual","2025-12-27"
"entity:company:amd","revenue","16434000000","2021","FY","annual","2021-12-25"
"entity:company:amd","revenue","23601000000","2022","FY","annual","2022-12-31"
"entity:company:amd","revenue","22680000000","2023","FY","annual","2023-12-30"
"entity:company:amd","revenue","25785000000","2024","FY","annual","2024-12-28"
"entity:company:amd","revenue","34639000000","2025","FY","annual","2025-12-27"
"entity:company:broadcom","capital_expenditure","443000000","2021","FY","annual","2021-10-31"
"entity:company:broadcom","capital_expenditure","424000000","2022","FY","annual","2022-10-30"
"entity:company:broadcom","capital_expenditure","452000000","2023","FY","annual","2023-10-29"
"entity:company:broadcom","capital_expenditure","548000000","2024","FY","annual","2024-11-03"
"entity:company:broadcom","capital_expenditure","623000000","2025","FY","annual","2025-11-02"
"entity:company:broadcom","research_and_development","4854000000","2021","FY","annual","2021-10-31"
"entity:company:broadcom","research_and_development","4919000000","2022","FY","annual","2022-10-30"
"entity:company:broadcom","research_and_development","5253000000","2023","FY","annual","2023-10-29"
"entity:company:broadcom","research_and_development","9310000000","2024","FY","annual","2024-11-03"
"entity:company:broadcom","research_and_development","10977000000","2025","FY","annual","2025-11-02"
"entity:company:broadcom","revenue","27450000000","2021","FY","annual","2021-10-31"
"entity:company:broadcom","revenue","33203000000","2022","FY","annual","2022-10-30"
"entity:company:broadcom","revenue","35819000000","2023","FY","annual","2023-10-29"
"entity:company:broadcom","revenue","51574000000","2024","FY","annual","2024-11-03"
"entity:company:broadcom","revenue","63887000000","2025","FY","annual","2025-11-02"
"entity:company:datadog","capital_expenditure","9956000","2021","FY","annual","2021-12-31"
"entity:company:datadog","capital_expenditure","35261000","2022","FY","annual","2022-12-31"
"entity:company:datadog","capital_expenditure","27586000","2023","FY","annual","2023-12-31"
"entity:company:datadog","capital_expenditure","34719000","2024","FY","annual","2024-12-31"
"entity:company:datadog","capital_expenditure","49578000","2025","FY","annual","2025-12-31"
"entity:company:datadog","research_and_development","419769000","2021","FY","annual","2021-12-31"
"entity:company:datadog","research_and_development","752351000","2022","FY","annual","2022-12-31"
"entity:company:datadog","research_and_development","962447000","2023","FY","annual","2023-12-31"
"entity:company:datadog","research_and_development","1152703000","2024","FY","annual","2024-12-31"
"entity:company:datadog","research_and_development","1548451000","2025","FY","annual","2025-12-31"
"entity:company:datadog","revenue","1028784000","2021","FY","annual","2021-12-31"
"entity:company:datadog","revenue","1675100000","2022","FY","annual","2022-12-31"
"entity:company:datadog","revenue","2128359000","2023","FY","annual","2023-12-31"
"entity:company:datadog","revenue","2684275000","2024","FY","annual","2024-12-31"
"entity:company:datadog","revenue","3427158000","2025","FY","annual","2025-12-31"
"entity:company:digital-realty","revenue","4427882000","2021","FY","annual","2021-12-31"
"entity:company:digital-realty","revenue","4691834000","2022","FY","annual","2022-12-31"
"entity:company:digital-realty","revenue","5477061000","2023","FY","annual","2023-12-31"
"entity:company:digital-realty","revenue","5554968000","2024","FY","annual","2024-12-31"
"entity:company:digital-realty","revenue","6112692000","2025","FY","annual","2025-12-31"
"entity:company:google","capital_expenditure","24640000000","2021","FY","annual","2021-12-31"
"entity:company:google","capital_expenditure","31485000000","2022","FY","annual","2022-12-31"
"entity:company:google","capital_expenditure","32251000000","2023","FY","annual","2023-12-31"
"entity:company:google","capital_expenditure","52535000000","2024","FY","annual","2024-12-31"
"entity:company:google","capital_expenditure","91447000000","2025","FY","annual","2025-12-31"
"entity:company:google","research_and_development","31562000000","2021","FY","annual","2021-12-31"
"entity:company:google","research_and_development","39500000000","2022","FY","annual","2022-12-31"
"entity:company:google","research_and_development","45427000000","2023","FY","annual","2023-12-31"
"entity:company:google","research_and_development","49326000000","2024","FY","annual","2024-12-31"
"entity:company:google","research_and_development","61087000000","2025","FY","annual","2025-12-31"
"entity:company:google","revenue","257637000000","2021","FY","annual","2021-12-31"
"entity:company:google","revenue","282836000000","2022","FY","annual","2022-12-31"
"entity:company:google","revenue","307394000000","2023","FY","annual","2023-12-31"
"entity:company:google","revenue","350018000000","2024","FY","annual","2024-12-31"
"entity:company:google","revenue","402836000000","2025","FY","annual","2025-12-31"
"entity:company:intel","capital_expenditure","18733000000","2021","FY","annual","2021-12-25"
"entity:company:intel","capital_expenditure","24844000000","2022","FY","annual","2022-12-31"
"entity:company:intel","capital_expenditure","25750000000","2023","FY","annual","2023-12-30"
"entity:company:intel","capital_expenditure","23944000000","2024","FY","annual","2024-12-28"
"entity:company:intel","capital_expenditure","14646000000","2025","FY","annual","2025-12-27"
"entity:company:intel","research_and_development","15190000000","2021","FY","annual","2021-12-25"
"entity:company:intel","research_and_development","17528000000","2022","FY","annual","2022-12-31"
"entity:company:intel","research_and_development","16046000000","2023","FY","annual","2023-12-30"
"entity:company:intel","research_and_development","16546000000","2024","FY","annual","2024-12-28"
"entity:company:intel","research_and_development","13774000000","2025","FY","annual","2025-12-27"
"entity:company:intel","revenue","79024000000","2021","FY","annual","2021-12-25"
"entity:company:intel","revenue","63054000000","2022","FY","annual","2022-12-31"
"entity:company:intel","revenue","54228000000","2023","FY","annual","2023-12-30"
"entity:company:intel","revenue","53101000000","2024","FY","annual","2024-12-28"
"entity:company:intel","revenue","52853000000","2025","FY","annual","2025-12-27"
"entity:company:meta","capital_expenditure","18567000000","2021","FY","annual","2021-12-31"
"entity:company:meta","capital_expenditure","31431000000","2022","FY","annual","2022-12-31"
"entity:company:meta","capital_expenditure","27266000000","2023","FY","annual","2023-12-31"
"entity:company:meta","capital_expenditure","37256000000","2024","FY","annual","2024-12-31"
"entity:company:meta","capital_expenditure","69691000000","2025","FY","annual","2025-12-31"
"entity:company:meta","research_and_development","24655000000","2021","FY","annual","2021-12-31"
"entity:company:meta","research_and_development","35338000000","2022","FY","annual","2022-12-31"
"entity:company:meta","research_and_development","38483000000","2023","FY","annual","2023-12-31"
"entity:company:meta","research_and_development","43873000000","2024","FY","annual","2024-12-31"
"entity:company:meta","research_and_development","57372000000","2025","FY","annual","2025-12-31"
"entity:company:meta","revenue","117929000000","2021","FY","annual","2021-12-31"
"entity:company:meta","revenue","116609000000","2022","FY","annual","2022-12-31"
"entity:company:meta","revenue","134902000000","2023","FY","annual","2023-12-31"
"entity:company:meta","revenue","164501000000","2024","FY","annual","2024-12-31"
"entity:company:meta","revenue","200966000000","2025","FY","annual","2025-12-31"
"entity:company:microsoft","capital_expenditure","23886000000","2022","FY","annual","2022-06-30"
"entity:company:microsoft","capital_expenditure","28107000000","2023","FY","annual","2023-06-30"
"entity:company:microsoft","capital_expenditure","44477000000","2024","FY","annual","2024-06-30"
"entity:company:microsoft","capital_expenditure","64551000000","2025","FY","annual","2025-06-30"
"entity:company:microsoft","capital_expenditure","115948000000","2026","FY","annual","2026-06-30"
"entity:company:microsoft","research_and_development","24512000000","2022","FY","annual","2022-06-30"
"entity:company:microsoft","research_and_development","27195000000","2023","FY","annual","2023-06-30"
"entity:company:microsoft","research_and_development","29510000000","2024","FY","annual","2024-06-30"
"entity:company:microsoft","research_and_development","32488000000","2025","FY","annual","2025-06-30"
"entity:company:microsoft","research_and_development","35562000000","2026","FY","annual","2026-06-30"
"entity:company:microsoft","revenue","198270000000","2022","FY","annual","2022-06-30"
"entity:company:microsoft","revenue","211915000000","2023","FY","annual","2023-06-30"
"entity:company:microsoft","revenue","245122000000","2024","FY","annual","2024-06-30"
"entity:company:microsoft","revenue","281724000000","2025","FY","annual","2025-06-30"
"entity:company:microsoft","revenue","331839000000","2026","FY","annual","2026-06-30"
"entity:company:mongodb","capital_expenditure","8072000","2022","FY","annual","2022-01-31"
"entity:company:mongodb","capital_expenditure","7244000","2023","FY","annual","2023-01-31"
"entity:company:mongodb","capital_expenditure","6074000","2024","FY","annual","2024-01-31"
"entity:company:mongodb","capital_expenditure","29550000","2025","FY","annual","2025-01-31"
"entity:company:mongodb","capital_expenditure","4960000","2026","FY","annual","2026-01-31"
"entity:company:mongodb","research_and_development","308820000","2022","FY","annual","2022-01-31"
"entity:company:mongodb","research_and_development","421692000","2023","FY","annual","2023-01-31"
"entity:company:mongodb","research_and_development","515940000","2024","FY","annual","2024-01-31"
"entity:company:mongodb","research_and_development","596837000","2025","FY","annual","2025-01-31"
"entity:company:mongodb","research_and_development","716303000","2026","FY","annual","2026-01-31"
"entity:company:mongodb","revenue","873782000","2022","FY","annual","2022-01-31"
"entity:company:mongodb","revenue","1284040000","2023","FY","annual","2023-01-31"
"entity:company:mongodb","revenue","1683011000","2024","FY","annual","2024-01-31"
"entity:company:mongodb","revenue","2006443000","2025","FY","annual","2025-01-31"
"entity:company:mongodb","revenue","2463797000","2026","FY","annual","2026-01-31"
"entity:company:nvidia","capital_expenditure","1069000000","2024","FY","annual","2024-01-28"
"entity:company:nvidia","capital_expenditure","3236000000","2025","FY","annual","2025-01-26"
"entity:company:nvidia","capital_expenditure","6042000000","2026","FY","annual","2026-01-25"
"entity:company:nvidia","research_and_development","5268000000","2022","FY","annual","2022-01-30"
"entity:company:nvidia","research_and_development","7339000000","2023","FY","annual","2023-01-29"
"entity:company:nvidia","research_and_development","8675000000","2024","FY","annual","2024-01-28"
"entity:company:nvidia","research_and_development","12914000000","2025","FY","annual","2025-01-26"
"entity:company:nvidia","research_and_development","18497000000","2026","FY","annual","2026-01-25"
"entity:company:nvidia","revenue","26914000000","2022","FY","annual","2022-01-30"
"entity:company:nvidia","revenue","26974000000","2023","FY","annual","2023-01-29"
"entity:company:nvidia","revenue","60922000000","2024","FY","annual","2024-01-28"
"entity:company:nvidia","revenue","130497000000","2025","FY","annual","2025-01-26"
"entity:company:nvidia","revenue","215938000000","2026","FY","annual","2026-01-25"
"entity:company:oracle","capital_expenditure","4511000000","2022","FY","annual","2022-05-31"
"entity:company:oracle","capital_expenditure","8695000000","2023","FY","annual","2023-05-31"
"entity:company:oracle","capital_expenditure","6866000000","2024","FY","annual","2024-05-31"
"entity:company:oracle","capital_expenditure","21215000000","2025","FY","annual","2025-05-31"
"entity:company:oracle","capital_expenditure","55663000000","2026","FY","annual","2026-05-31"
"entity:company:oracle","research_and_development","7219000000","2022","FY","annual","2022-05-31"
"entity:company:oracle","research_and_development","8623000000","2023","FY","annual","2023-05-31"
"entity:company:oracle","research_and_development","8915000000","2024","FY","annual","2024-05-31"
"entity:company:oracle","research_and_development","9860000000","2025","FY","annual","2025-05-31"
"entity:company:oracle","research_and_development","10272000000","2026","FY","annual","2026-05-31"
"entity:company:oracle","revenue","42440000000","2022","FY","annual","2022-05-31"
"entity:company:oracle","revenue","49954000000","2023","FY","annual","2023-05-31"
"entity:company:oracle","revenue","52961000000","2024","FY","annual","2024-05-31"
"entity:company:oracle","revenue","57399000000","2025","FY","annual","2025-05-31"
"entity:company:oracle","revenue","67357000000","2026","FY","annual","2026-05-31"
"entity:company:palantir","capital_expenditure","12627000","2021","FY","annual","2021-12-31"
"entity:company:palantir","capital_expenditure","40027000","2022","FY","annual","2022-12-31"
"entity:company:palantir","capital_expenditure","15114000","2023","FY","annual","2023-12-31"
"entity:company:palantir","capital_expenditure","12634000","2024","FY","annual","2024-12-31"
"entity:company:palantir","capital_expenditure","33882000","2025","FY","annual","2025-12-31"
"entity:company:palantir","research_and_development","387487000","2021","FY","annual","2021-12-31"
"entity:company:palantir","research_and_development","359679000","2022","FY","annual","2022-12-31"
"entity:company:palantir","research_and_development","404624000","2023","FY","annual","2023-12-31"
"entity:company:palantir","research_and_development","507878000","2024","FY","annual","2024-12-31"
"entity:company:palantir","research_and_development","557677000","2025","FY","annual","2025-12-31"
"entity:company:palantir","revenue","1541889000","2021","FY","annual","2021-12-31"
"entity:company:palantir","revenue","1905871000","2022","FY","annual","2022-12-31"
"entity:company:palantir","revenue","2225012000","2023","FY","annual","2023-12-31"
"entity:company:palantir","revenue","2865507000","2024","FY","annual","2024-12-31"
"entity:company:palantir","revenue","4475446000","2025","FY","annual","2025-12-31"
"entity:company:salesforce","capital_expenditure","710000000","2021","FY","annual","2021-01-31"
"entity:company:salesforce","capital_expenditure","717000000","2022","FY","annual","2022-01-31"
"entity:company:salesforce","capital_expenditure","798000000","2023","FY","annual","2023-01-31"
"entity:company:salesforce","capital_expenditure","736000000","2024","FY","annual","2024-01-31"
"entity:company:salesforce","capital_expenditure","594000000","2025","FY","annual","2026-01-31"
"entity:company:salesforce","research_and_development","3598000000","2021","FY","annual","2021-01-31"
"entity:company:salesforce","research_and_development","4465000000","2022","FY","annual","2022-01-31"
"entity:company:salesforce","research_and_development","5055000000","2023","FY","annual","2023-01-31"
"entity:company:salesforce","research_and_development","4906000000","2024","FY","annual","2024-01-31"
"entity:company:salesforce","research_and_development","5993000000","2025","FY","annual","2026-01-31"
"entity:company:salesforce","revenue","21252000000","2021","FY","annual","2021-01-31"
"entity:company:salesforce","revenue","26492000000","2022","FY","annual","2022-01-31"
"entity:company:salesforce","revenue","31352000000","2023","FY","annual","2023-01-31"
"entity:company:salesforce","revenue","34857000000","2024","FY","annual","2024-01-31"
"entity:company:salesforce","revenue","41525000000","2025","FY","annual","2026-01-31"
"entity:company:servicenow","capital_expenditure","392000000","2021","FY","annual","2021-12-31"
"entity:company:servicenow","capital_expenditure","550000000","2022","FY","annual","2022-12-31"
"entity:company:servicenow","capital_expenditure","694000000","2023","FY","annual","2023-12-31"
"entity:company:servicenow","capital_expenditure","852000000","2024","FY","annual","2024-12-31"
"entity:company:servicenow","capital_expenditure","868000000","2025","FY","annual","2025-12-31"
"entity:company:servicenow","research_and_development","1397000000","2021","FY","annual","2021-12-31"
"entity:company:servicenow","research_and_development","1768000000","2022","FY","annual","2022-12-31"
"entity:company:servicenow","research_and_development","2124000000","2023","FY","annual","2023-12-31"
"entity:company:servicenow","research_and_development","2543000000","2024","FY","annual","2024-12-31"
"entity:company:servicenow","research_and_development","2960000000","2025","FY","annual","2025-12-31"
"entity:company:servicenow","revenue","5896000000","2021","FY","annual","2021-12-31"
"entity:company:servicenow","revenue","7245000000","2022","FY","annual","2022-12-31"
"entity:company:servicenow","revenue","8971000000","2023","FY","annual","2023-12-31"
"entity:company:servicenow","revenue","10984000000","2024","FY","annual","2024-12-31"
"entity:company:servicenow","revenue","13278000000","2025","FY","annual","2025-12-31"
"entity:company:snowflake","capital_expenditure","16221000","2022","FY","annual","2022-01-31"
"entity:company:snowflake","capital_expenditure","25128000","2023","FY","annual","2023-01-31"
"entity:company:snowflake","capital_expenditure","35086000","2024","FY","annual","2024-01-31"
"entity:company:snowflake","capital_expenditure","46279000","2025","FY","annual","2025-01-31"
"entity:company:snowflake","capital_expenditure","101628000","2026","FY","annual","2026-01-31"
"entity:company:snowflake","research_and_development","466932000","2022","FY","annual","2022-01-31"
"entity:company:snowflake","research_and_development","788058000","2023","FY","annual","2023-01-31"
"entity:company:snowflake","research_and_development","1287949000","2024","FY","annual","2024-01-31"
"entity:company:snowflake","research_and_development","1783379000","2025","FY","annual","2025-01-31"
"entity:company:snowflake","research_and_development","1969472000","2026","FY","annual","2026-01-31"
"entity:company:snowflake","revenue","1219327000","2022","FY","annual","2022-01-31"
"entity:company:snowflake","revenue","2065659000","2023","FY","annual","2023-01-31"
"entity:company:snowflake","revenue","2806489000","2024","FY","annual","2024-01-31"
"entity:company:snowflake","revenue","3626396000","2025","FY","annual","2025-01-31"
"entity:company:snowflake","revenue","4683946000","2026","FY","annual","2026-01-31"
